{
  "hit_at_5": 1.0,
  "recall_at_5": 0.6111111111111112,
  "precision_at_5": 0.24444444444444446,
  "mrr": 0.6796296296296296,
  "coverage": 1.0
}