{
  "hit_at_5": 0.8888888888888888,
  "recall_at_5": 0.5,
  "precision_at_5": 0.22222222222222227,
  "mrr": 0.6425925925925926,
  "coverage": 0.5
}