{
  "test_accuracy": 0.8120675,
  "test_precision": 0.8153455166455302,
  "test_recall": 0.80687,
  "test_specificity": 0.817265,
  "test_f1": 0.8110856174969403,
  "test_auroc": 0.8962702230125,
  "test_auprc": 0.8957109989841834
}