Model,Spearman,Pearson,Num Evaluated
Skip-Gram (Full Eval),0.3763174793552256,0.4655196099202169,32.0
BPE (Full Eval),0.12098345313125537,0.16571983936342083,566.0
Skip-Gram (Filtered),0.3763174793552256,0.4655196099202169,32.0
BPE (Filtered),0.3847493371488644,0.4873546251732287,32.0
