Model,Spearman,Pearson,Num Evaluated
Skip-Gram (Full Eval),0.3481240089032478,0.4618028761302196,33.0
BPE (Full Eval),0.11798720316515793,0.17189790037861788,566.0
Skip-Gram (Filtered),0.3481240089032478,0.4618028761302196,33.0
BPE (Filtered),0.44906827264667637,0.5337106428800658,33.0
