{
    "LOC": {
        "precision": 0.8966591166477916,
        "recall": 0.9035663338088445,
        "f1-score": 0.900099474207759,
        "support": 3505
    },
    "MISC": {
        "precision": 0.8585334198572355,
        "recall": 0.8146551724137931,
        "f1-score": 0.8360189573459715,
        "support": 1624
    },
    "ORG": {
        "precision": 0.8166371681415929,
        "recall": 0.7684876748834111,
        "f1-score": 0.7918311309421658,
        "support": 3002
    },
    "PER": {
        "precision": 0.8753581661891118,
        "recall": 0.8832032379300376,
        "f1-score": 0.8792632033386099,
        "support": 3459
    },
    "micro avg": {
        "precision": 0.8651211801896733,
        "recall": 0.8500431406384814,
        "f1-score": 0.8575158847593349,
        "support": 11590
    },
    "macro avg": {
        "precision": 0.861796967708933,
        "recall": 0.8424781047590215,
        "f1-score": 0.8518031914586266,
        "support": 11590
    },
    "weighted avg": {
        "precision": 0.8642327138315669,
        "recall": 0.8500431406384814,
        "f1-score": 0.8568586643023889,
        "support": 11590
    }
}