{
    "LOC": {
        "precision": 0.7807714123652865,
        "recall": 0.7854493580599144,
        "f1-score": 0.7831033992319727,
        "support": 3505
    },
    "MISC": {
        "precision": 0.7676620538965768,
        "recall": 0.6490147783251231,
        "f1-score": 0.7033700367033701,
        "support": 1624
    },
    "ORG": {
        "precision": 0.7584337349397591,
        "recall": 0.41938707528314456,
        "f1-score": 0.5401115401115402,
        "support": 3002
    },
    "PER": {
        "precision": 0.8839336763865066,
        "recall": 0.8938999710899104,
        "f1-score": 0.8888888888888888,
        "support": 3459
    },
    "micro avg": {
        "precision": 0.8111762951178284,
        "recall": 0.7038826574633305,
        "f1-score": 0.7537303090497528,
        "support": 11590
    },
    "macro avg": {
        "precision": 0.7977002193970323,
        "recall": 0.6869377956895232,
        "f1-score": 0.728868466233943,
        "support": 11590
    },
    "weighted avg": {
        "precision": 0.8039371557185895,
        "recall": 0.7038826574633305,
        "f1-score": 0.7405635775665098,
        "support": 11590
    }
}