{
    "c1": 0.0478221715252547,
    "c2": 0.13573982512598368
}