{
    "LOC": {
        "precision": 0.8919300225733634,
        "recall": 0.9018544935805991,
        "f1-score": 0.8968648035182296,
        "support": 3505
    },
    "MISC": {
        "precision": 0.860313315926893,
        "recall": 0.8115763546798029,
        "f1-score": 0.835234474017744,
        "support": 1624
    },
    "ORG": {
        "precision": 0.8192170818505338,
        "recall": 0.7668221185876083,
        "f1-score": 0.7921541637990365,
        "support": 3002
    },
    "PER": {
        "precision": 0.8758956721123531,
        "recall": 0.8834923388262503,
        "f1-score": 0.8796776050662062,
        "support": 3459
    },
    "micro avg": {
        "precision": 0.8647912087912087,
        "recall": 0.8487489214840379,
        "f1-score": 0.856694970607446,
        "support": 11590
    },
    "macro avg": {
        "precision": 0.8618390231157858,
        "recall": 0.8409363264185652,
        "f1-score": 0.8509827616003041,
        "support": 11590
    },
    "weighted avg": {
        "precision": 0.8638806180963627,
        "recall": 0.8487489214840379,
        "f1-score": 0.8559778738382162,
        "support": 11590
    }
}